,92,LB,1-Jun,248,23,3,Toledo
Olasunkanmi Adeniyi,,,,,,,
Marcus Allen,27,LB,2-Jun,215,24,2,Penn State
Tyson Alualu,94,DE,3-Jun,304,33,11,California
Jordan Berry,4,P,5-Jun,195,29,6,Eastern Kentucky
Chris Boswell,9,K,2-Jun,185,29,6,Rice
Antoine Brooks Jr.,25,S,11-May,210,23,R,Maryland
Isaiah Buggs,96,DE,3-Jun,295,24,2,Alabama
Kameron Canaday,57,LS,4-Jun,245,28,4,Portland State
Chase Claypool,11,WR,4-Jun,238,22,R,Notre Dame
James Conner,30,RB,1-Jun,233,25,4,Pittsburgh
Jordan Dangerfield,37,S,11-May,199,29,4,Towson
Carlos Davis,73,DT,2-Jun,320,24,R,Nebraska
Sean Davis,21,S,1-Jun,202,27,5,Maryland
David DeCastro,66,G,5-Jun,316,30,9,Stanford
Joshua Dobbs,5,QB,3-Jun,216,25,4,Tennessee
Kevin Dotson,69,OL,4-Jun,321,24,R,Louisiana
Eric Ebron,85,TE,4-Jun,253,27,7,North Carolina
Terrell Edmunds,34,S,1-Jun,217,23,3,Virginia Tech
Jayrone Elliott,45,LB,3-Jun,240,29,5,Toledo
Minkah Fitzpatrick,39,S,1-Jun,207,24,3,Alabama
Ulysees Gilbert III,54,LB,Jun-00,230,23,2,Akron
Derwin Gray,77,OT,4-Jun,320,25,1,Maryland
Joe Haden,23,CB,11-May,195,31,11,Florida
J.C. Hassenauer,60,C,2-Jun,295,26,1,Alabama
Jerald Hawkins,65,OT,6-Jun,305,27,5,LSU
Cameron Heyward,97,DT,5-Jun,295,31,10,Ohio State
Alex Highsmith,56,LB,4-Jun,242,23,R,Charlotte
Mike Hilton,28,CB,9-May,184,26,4,Mississippi
Danny Isidora,64,OL,3-Jun,306,26,4,Miami (Fla.)
Diontae Johnson,18,WR,10-May,183,24,2,Toledo
Justin Layne,31,CB,2-Jun,192,22,2,Michigan State
Cassius Marsh,49,DE,4-Jun,254,28,7,UCLA
Ray-Ray McCloud,14,WR,9-May,190,24,3,Clemson
Vance McDonald,89,TE,4-Jun,267,30,8,Rice
Anthony McFarland Jr.,26,RB,8-May,193,22,R,Maryland
Henry Mondeaux,99,DE,4-Jun,280,25,1,Oregon
Steven Nelson,22,CB,11-May,194,27,6,Oregon State
Chukwuma Okorafor,76,OL,6-Jun,320,23,3,Western Michigan
James Pierre,42,DB,2-Jun,185,24,R,Florida Atlantic
Maurkice Pouncey,53,C,4-Jun,304,31,11,Florida
Ben Roethlisberger,7,QB,5-Jun,240,38,17,Miami (Ohio)
Mason Rudolph,2,QB,5-Jun,235,25,3,Oklahoma State
Jaylen Samuels,38,RB,Jun-00,225,24,3,North Carolina State
JuJu Smith-Schuster,19,WR,1-Jun,215,24,4,USC
Benny Snell Jr.,24,RB,10-May,224,22,2,Kentucky
Cameron Sutton,20,CB,11-May,188,25,4,Tennessee
Stephon Tuitt,91,DE,6-Jun,303,27,7,Notre Dame
Alejandro Villanueva,78,OT,9-Jun,320,32,6,Army
James Washington,13,WR,11-May,213,24,3,Oklahoma State
Derek Watt,44,FB,2-Jun,234,28,5,Wisconsin
T.J. Watt,90,LB,4-Jun,252,26,4,Wisconsin
Avery Williamson,51,ILB,1-Jun,246,28,7,Kentucky
Chris Wormley,95,NT,5-Jun,300,27,4,Michigan